S_suis position,S_suis N1-20 match position,Non_S_suis genome,start,end,strand,Non_S_suis sequence N-4 - N20,Non_S_suis PAM,S_suis PAM,GC content,S_suis N1-20
S_suis:218-238,====================,S_pneumoniae_TIGR4,1809263,1809283,-,AGAGCTCTAACCAGCTGAGCTAAA,AGAG,TTTA,55,GCTCAGCTGGTTAGAGCTCT
S_suis:479-499,====================,S_pneumoniae_ATCC_700669,2027803,2027823,-,TACCAACTGAGCTACCGAGCCTTA,TACC,TTTG,55,GCTCGGTAGCTCAGTTGGTA
S_suis:10653-10673,====================,S_pyogenes_HSC5,38844,38864,+,CTTTGACTCATCTGTTGGTCGTTC,CTTT,TTTC,50,GACTCATCTGTTGGTCGTTC
S_suis:18086-18106,====================,S_agalactiae_III_HU_GS5823,58806,58826,+,TTCGCTCAGAACATCGACGACATC,TTCG,TTTG,50,CTCAGAACATCGACGACATC
S_suis:45465-45485,====================,S_pneumonia_genome_1,1901656,1901676,-,TGGCTCATCATACGAGCCTGCAAA,TGGC,TTTG,55,CAGGCTCGTATGATGAGCCA
S_suis:49174-49194,====================,S_agalactiae_III_NEM316,76403,76423,+,TATGATGCAAGAGGTTGCGACACG,TATG,TTTG,55,ATGCAAGAGGTTGCGACACG
S_suis:65972-65992,====================,S_aureus_BPH2900,1941579,1941599,-,TTCTTCGCGTTGCTTCGAATTAAA,TTCT,TTTA,45,ATTCGAAGCAACGCGAAGAA
S_suis:67346-67366,====================,S_pneumoniae_Taiwan19F_14,1863947,1863967,-,ACTCAGGATACTGCTAGGTACAAA,ACTC,TTTA,45,TACCTAGCAGTATCCTGAGT
S_suis:67560-67580,====================,S_pneumoniae_ATCC_700669,1870282,1870302,-,TAACTCGCCGGTTCATTCTACAAA,TAAC,TTTG,45,TAGAATGAACCGGCGAGTTA
S_suis:68985-69005,====================,S_aureus_8_MRSA252,2214818,2214838,-,ACCTGCATCTTCACAGGTACTATG,ACCT,TTTA,50,GTACCTGTGAAGATGCAGGT
S_suis:70600-70620,====================,S_pyogenes_NIH35,84779,84799,+,GTTGGCTCGGTAGCTCAGTTGGTA,GTTG,TTTG,55,GCTCGGTAGCTCAGTTGGTA
S_suis:70692-70712,====================,S_agalactiae_III_SGM1,77269,77289,+,CTTAGGAGAGATAGCGAAGAGGCT,CTTA,TTTC,55,GGAGAGATAGCGAAGAGGCT
S_suis:84523-84543,====================,S_pneumoniae_Taiwan19F_14,1960615,1960635,-,ACGGTCAACTACATGATGAGTAAG,ACGG,TTTG,45,CTCATCATGTAGTTGACCGT
S_suis:84905-84925,====================,S_pneumoniae_JJA,1644760,1644780,+,CCTTCCAAGGCTTCTTCGTCTGTC,CCTT,TTTA,55,CCAAGGCTTCTTCGTCTGTC
S_suis:87997-88017,====================,S_agalactiae_III_SGM1,205862,205882,+,CTTGGCAGGACATGAAGTTCAGTA,CTTG,TTTG,45,GCAGGACATGAAGTTCAGTA
S_suis:91032-91052,====================,S_pneumoniae_R6,1748571,1748591,-,GTTCACCTGTACGTCCATCGTAAA,GTTC,TTTA,55,CGATGGACGTACAGGTGAAC
S_suis:91399-91419,====================,S_agalactiae_V_2603V_R,182695,182715,+,TCTTGATATGCGTGTCCTTGATGA,TCTT,TTTA,45,GATATGCGTGTCCTTGATGA
S_suis:94415-94435,====================,S_pneumonia_genome_1,1921265,1921285,-,ACCGTGACGAGTGTTACATGTAAA,ACCG,TTTA,50,CATGTAACACTCGTCACGGT
S_suis:122205-122225,====================,S_pyogenes_ATCC_12344,1635261,1635281,-,CAAGACCAAGGAAGCCTTCTGAAA,CAAG,TTTC,50,AGAAGGCTTCCTTGGTCTTG
S_suis:166489-166509,====================,S_aureus_genome_1,207602,207622,-,GACCGTGTAGATGATATTGCAGTT,GACC,TTTC,45,GCAATATCATCTACACGGTC
S_suis:166962-166982,====================,S_agalactiae_III_SGM1,1688403,1688423,-,GTGTATCTCCACTTGATCCAGAAA,GTGT,TTTC,45,TGGATCAAGTGGAGATACAC
S_suis:167020-167040,====================,S_pyogenes_ATCC_12344,1608259,1608279,-,GAAGGTGTGACAACAATGGCTAAA,GAAG,TTTC,50,GCCATTGTTGTCACACCTTC
S_suis:240422-240442,====================,S_agalactiae_Ib_Sag37,2116110,2116130,-,ACTCCAGACCGTCTTCAATTGAAA,ACTC,TTTC,45,AATTGAAGACGGTCTGGAGT
S_suis:240690-240710,====================,S_pneumoniae_JJA,2007189,2007209,-,AGTACCTGCACGTCGCACTTCAAA,AGTA,TTTG,55,AAGTGCGACGTGCAGGTACT
S_suis:302392-302412,====================,S_pyogenes_genome_NCTC8198,1641572,1641592,-,CCACCGTGCAATACGATTGGGAAA,CCAC,TTTC,55,CCAATCGTATTGCACGGTGG
S_suis:306198-306218,====================,S_pneumoniae_70585,1916311,1916331,-,ACTCAGGATACTGCTAGGTACAAA,ACTC,TTTA,45,TACCTAGCAGTATCCTGAGT
S_suis:306412-306432,====================,S_pneumoniae_ATCC_700669,1968910,1968930,-,TAACTCGCCGGTTCATTCTACAAA,TAAC,TTTG,45,TAGAATGAACCGGCGAGTTA
S_suis:307837-307857,====================,S_pyogenes_NGAS638,1516173,1516193,-,ACCTGCATCTTCACAGGTACTAAA,ACCT,TTTA,50,GTACCTGTGAAGATGCAGGT
S_suis:392493-392513,====================,S_aureus_8_MRSA252,950772,950792,+,TTCATGATTCAAGGTGGCGATCCA,TTCA,TTTA,50,TGATTCAAGGTGGCGATCCA
S_suis:400453-400473,====================,S_aureus_SA268,1978486,1978506,-,TAACTCGCCGGTTCATTCTACAAA,TAAC,TTTG,45,TAGAATGAACCGGCGAGTTA
S_suis:401843-401863,====================,S_epidermidis_ATCC_14990,2346218,2346238,-,TCTCTCGTTGAGACAGTGCCCAAA,TCTC,TTTG,55,GGCACTGTCTCAACGAGAGA
S_suis:401878-401898,====================,S_pyogenes_NGAS638,1228426,1228446,-,ACCTGCATCTTCACAGGTACTAAA,ACCT,TTTA,50,GTACCTGTGAAGATGCAGGT
S_suis:402496-402516,====================,S_pneumoniae_ATCC_33400,1977503,1977523,-,GTACTAGGAGCAGATCCTCTCAAA,GTAC,TTTG,50,AGAGGATCTGCTCCTAGTAC
S_suis:431216-431236,====================,S_pneumoniae_JJA,616704,616724,+,TGTCAATGACTCGTGGTTACGGTA,TGTC,TTTC,45,AATGACTCGTGGTTACGGTA
S_suis:454357-454377,====================,S_agalactiae_Ia_GBS85147,498914,498934,+,TATCCTGAAGCAGTAGCTCAAGGT,TATC,TTTG,50,CTGAAGCAGTAGCTCAAGGT
S_suis:479156-479176,====================,S_pyogenes_MGAS315,461518,461538,+,CTTTTCACGACGGACAATCTGTTG,CTTT,TTTC,50,TCACGACGGACAATCTGTTG
S_suis:491803-491823,====================,S_pneumoniae_Taiwan19F_14,1444614,1444634,-,TTGTCTGCAACTTCTTGACCAAAG,TTGT,TTTC,45,GGTCAAGAAGTTGCAGACAA
S_suis:772820-772840,====================,S_pneumonia_genome_1,1120917,1120937,-,CAACTGCCAACCACCTGTACCAAA,CAAC,TTTG,55,GTACAGGTGGTTGGCAGTTG
S_suis:779138-779158,====================,S_pneumoniae_D39,783859,783879,+,CCTCTTCTTCATGATTGCAGCTCC,CCTC,TTTG,45,TTCTTCATGATTGCAGCTCC
S_suis:793569-793589,====================,S_pneumoniae_R6,1078926,1078946,-,CCTGGTGTGTCAATCAAGTGGAAA,CCTG,TTTC,50,CACTTGATTGACACACCAGG
S_suis:794100-794120,====================,S_pneumoniae_D39,1085927,1085947,-,TAACCAACATCACCAGTCGCAAGG,TAAC,TTTG,50,GCGACTGGTGATGTTGGTTA
S_suis:863166-863186,====================,S_pneumoniae_TIGR4,991182,991202,-,GGACACAATATCTGAGCTCGCAAA,GGAC,TTTG,50,CGAGCTCAGATATTGTGTCC
S_suis:864358-864378,====================,S_pneumonia_genome_1,1284405,1284425,-,CGTGAAGTATCTTCCTACAGTAAA,CGTG,TTTA,45,CTGTAGGAAGATACTTCACG
S_suis:864394-864414,====================,S_pneumonia_genome_1,1284369,1284389,-,TCTGACAGCTAAGACATGAGGAAA,TCTG,TTTC,45,CTCATGTCTTAGCTGTCAGA
S_suis:865892-865912,====================,S_pneumoniae_ATCC_700669,1282872,1282892,-,CCTAACCATTGAAGAAGCGTCAAA,CCTA,TTTG,45,ACGCTTCTTCAATGGTTAGG
S_suis:866090-866110,====================,S_pneumonia_genome_1,1282674,1282694,-,AGTCAATAGTCCGAGCGTGATAAA,AGTC,TTTA,50,TCACGCTCGGACTATTGACT
S_suis:866207-866227,====================,S_pneumonia_genome_1,1282557,1282577,-,AACCGCCATGACCTATCTTATAAA,AACC,TTTA,45,TAAGATAGGTCATGGCGGTT
S_suis:866668-866688,====================,S_pneumonia_genome_1,1282096,1282116,-,ACCAGTGGACTAGCCTTAATTAAA,ACCA,TTTA,45,ATTAAGGCTAGTCCACTGGT
S_suis:866788-866808,====================,S_pneumonia_genome_1,1281976,1281996,-,TTACGTGAGTTGCCAGACAAGAAA,TTAC,TTTC,45,TTGTCTGGCAACTCACGTAA
S_suis:869165-869185,====================,S_pneumoniae_Taiwan19F_14,1798279,1798299,-,TGCCACAGAGAGAGAGAATTGAAA,TGCC,TTTC,45,AATTCTCTCTCTCTGTGGCA
S_suis:870072-870092,====================,S_pneumoniae_ATCC_700669,1278691,1278711,-,ACAGAATTAGGAAGCGTGGACAAA,ACAG,TTTG,45,TCCACGCTTCCTAATTCTGT
S_suis:870631-870651,====================,S_pneumoniae_ATCC_700669,1278132,1278152,-,GAGTATATCGACCAGCAGACCAAA,GAGT,TTTG,50,GTCTGCTGGTCGATATACTC
S_suis:871830-871850,====================,S_pneumoniae_ATCC_700669,1276933,1276953,-,GCCATCATGGACGAAGCACTGAAA,GCCA,TTTC,55,AGTGCTTCGTCCATGATGGC
S_suis:872318-872338,====================,S_pneumonia_genome_1,1276445,1276465,-,TGGCTCATAAGCCTATGGTAGAAA,TGGC,TTTC,45,TACCATAGGCTTATGAGCCA
S_suis:872566-872586,====================,S_pneumoniae_Taiwan19F_14,1794878,1794898,-,AAGAACGTCCGTCTACTGTTCAAA,AAGA,TTTG,45,AACAGTAGACGGACGTTCTT
S_suis:872656-872676,====================,S_pneumonia_genome_1,1276112,1276132,-,GCCAAGGCAATACCGTTCAAGAAA,GCCA,TTTC,50,TTGAACGGTATTGCCTTGGC
S_suis:872821-872841,====================,S_pneumoniae_Taiwan19F_14,1794623,1794643,-,AGCCTGCTTCTTCTGTTCATGAAA,AGCC,TTTC,45,ATGAACAGAAGAAGCAGGCT
S_suis:874227-874247,====================,S_pneumonia_genome_1,1274541,1274561,-,GACCTTAGCTGGTGTGAGTGCAAA,GACC,TTTG,55,CACTCACACCAGCTAAGGTC
S_suis:874679-874699,====================,S_pneumoniae_Taiwan19F_14,1792765,1792785,-,TGATACCAGACCACCTGTGCGAAA,TGAT,TTTC,55,GCACAGGTGGTCTGGTATCA
S_suis:875220-875240,====================,S_pneumoniae_ATCC_700669,1273548,1273568,-,TGGAGCAGTCTATCAGCTTAGAAA,TGGA,TTTC,45,TAAGCTGATAGACTGCTCCA
S_suis:875292-875312,====================,S_pneumonia_genome_1,1273476,1273496,-,CCAGTATAGCCGACCATATCGAAA,CCAG,TTTC,50,GATATGGTCGGCTATACTGG
S_suis:875770-875790,====================,S_pneumoniae_Taiwan19F_14,1791674,1791694,-,ACTGGACGCAATGTCTATCTGAAA,ACTG,TTTC,45,AGATAGACATTGCGTCCAGT
S_suis:876162-876182,====================,S_pneumoniae_Taiwan19F_14,1791282,1791302,-,ACTTGGATAACCACGCTTGGCAAA,ACTT,TTTG,50,CCAAGCGTGGTTATCCAAGT
S_suis:876862-876882,====================,S_pneumonia_genome_1,1271906,1271926,-,AATGAAGTCACTGGCAAGCTCAAA,AATG,TTTG,45,AGCTTGCCAGTGACTTCATT
S_suis:877450-877470,====================,S_pneumoniae_ATCC_700669,1271318,1271338,-,ATACCAGTATCTGGTCTGTGGAAA,ATAC,TTTC,45,CACAGACCAGATACTGGTAT
S_suis:877709-877729,====================,S_pneumoniae_ATCC_700669,1271059,1271079,-,TGGCACGCTACTACATTGAAGAAA,TGGC,TTTC,45,TTCAATGTAGTAGCGTGCCA
S_suis:878644-878664,====================,S_pneumoniae_ATCC_700669,1270124,1270144,-,AACCAGAGCCTTACTCCTTCCAAA,AACC,TTTG,50,GAAGGAGTAAGGCTCTGGTT
S_suis:878918-878938,====================,S_pneumonia_genome_1,1269850,1269870,-,AAGGACTACGAGCAGTACAAGAAA,AAGG,TTTC,45,TTGTACTGCTCGTAGTCCTT
S_suis:880416-880436,====================,S_pneumoniae_Taiwan19F_14,1787028,1787048,-,GGACTTAGGTTCTGTGATGGCAAA,GGAC,TTTG,50,CCATCACAGAACCTAAGTCC
S_suis:881549-881569,====================,S_pneumonia_genome_1,1267219,1267239,-,TACGTCGTGAAGTGAGAATCCAAA,TACG,TTTG,45,GATTCTCACTTCACGACGTA
S_suis:888075-888095,====================,S_agalactiae_ATCC_13813,1975595,1975615,-,TCAAGTCTAGTGAGAGAGTGGAAA,TCAA,TTTC,45,CACTCTCTCACTAGACTTGA
S_suis:889210-889230,====================,S_agalactiae_1,1326715,1326735,+,GTTGTCGTCTCTTGTATTGCCTGA,GTTG,TTTG,45,TCGTCTCTTGTATTGCCTGA
S_suis:889282-889302,====================,S_agalactiae_III_HU_GS5823,1326787,1326807,+,TTCCCCTGTTCCTCTGCTGCTAGA,TTCC,TTTC,55,CCTGTTCCTCTGCTGCTAGA
S_suis:890495-890515,====================,S_agalactiae_Ib_Sag37,659962,659982,-,GTCCTATCAGATGAGCTTGTCAAT,GTCC,TTTG,45,ACAAGCTCATCTGATAGGAC
S_suis:890602-890622,====================,S_agalactiae_Ib_Sag37,659855,659875,-,TTGGCTACACGATTGGCTCACAAA,TTGG,TTTG,50,TGAGCCAATCGTGTAGCCAA
S_suis:900362-900382,====================,S_aureus_Guangzhou_SAU749,2692456,2692476,-,TTCTTCCGTGTAGTCACCATTAAA,TTCT,TTTA,45,ATGGTGACTACACGGAAGAA
S_suis:901110-901130,====================,S_aureus_SA268,2684330,2684350,-,ACCAGAGATACCATCATCTGCAAA,ACCA,TTTG,45,CAGATGATGGTATCTCTGGT
S_suis:901158-901178,====================,S_aureus_Guangzhou_SAU749,2691660,2691680,-,ACACTCTGCAATCATGCGATTAAA,ACAC,TTTA,45,ATCGCATGATTGCAGAGTGT
S_suis:901965-901985,====================,S_aureus_SA268,2683475,2683495,-,TCTAGTCACGCATCGCCAGACAAA,TCTA,TTTG,55,TCTGGCGATGCGTGACTAGA
S_suis:902041-902061,====================,S_aureus_SA268,2683399,2683419,-,TCGCAGTCATTACTGCACCATAAA,TCGC,TTTA,50,TGGTGCAGTAATGACTGCGA
S_suis:902663-902683,====================,S_aureus_SA268,2682777,2682797,-,CAATACGTCTAGCAAGTTCGGAAA,CAAT,TTTC,45,CGAACTTGCTAGACGTATTG
S_suis:903609-903629,====================,S_aureus_SA268,2681831,2681851,-,CTCGGTCATATCGTAGCATTCAAA,CTCG,TTTG,45,AATGCTACGATATGACCGAG
S_suis:904141-904161,====================,S_aureus_SA268,2681299,2681319,-,GTCTTGTGTTCCATGAGCAGTAAA,GTCT,TTTA,50,CTGCTCATGGAACACAAGAC
S_suis:904505-904525,====================,S_aureus_SA268,2680935,2680955,-,ATACGTTCATCCTGTTCTGCTAAA,ATAC,TTTA,45,GCAGAACAGGATGAACGTAT
S_suis:910144-910164,====================,S_agalactiae_Ib_Sag37,659158,659178,-,TAGAGCCAACTACCAAGCTTTAAA,TAGA,TTTA,45,AAGCTTGGTAGTTGGCTCTA
S_suis:911137-911157,====================,S_agalactiae_Ib_Sag37,658165,658185,-,CAGACACAGGAGAATAAGCTCAAA,CAGA,TTTG,45,AGCTTATTCTCCTGTGTCTG
S_suis:912104-912124,====================,S_agalactiae_Ib_Sag37,654803,654823,-,TCAGGCAGAGCATGGCGATAGAAA,TCAG,TTTC,55,TATCGCCATGCTCTGCCTGA
S_suis:912964-912984,====================,S_agalactiae_Ib_Sag37,653943,653963,-,AAGAATGTGACGGATGTGGAGAAA,AAGA,TTTC,45,TCCACATCCGTCACATTCTT
S_suis:914405-914425,====================,S_agalactiae_III_HU_GS5823,1333067,1333087,+,TTCCTGACCTCGTAGGTTCCTAGC,TTCC,TTTC,55,TGACCTCGTAGGTTCCTAGC
S_suis:914664-914684,====================,S_agalactiae_Ib_Sag37,652243,652263,-,GAACCATGGATAAGCGAACAGAAA,GAAC,TTTC,45,TGTTCGCTTATCCATGGTTC
S_suis:917180-917200,====================,S_agalactiae_Ib_Sag37,649748,649768,-,GCCTTGGTCCTAGATTAACACAAA,GCCT,TTTG,45,TGTTAATCTAGGACCAAGGC
S_suis:918534-918554,====================,S_agalactiae_Ib_Sag37,648394,648414,-,GTGGTGATTGACTTGTCTCATAAG,GTGG,TTTA,45,TGAGACAAGTCAATCACCAC
S_suis:920877-920897,====================,S_agalactiae_Ib_Sag37,646051,646071,-,ACAGTGACACCTTATAGTCCCAAA,ACAG,TTTG,45,GGACTATAAGGTGTCACTGT
S_suis:921798-921818,====================,S_agalactiae_V_2603V_R,1295226,1295246,+,TTTTGTAATAGCTTCAATCTCGGC,TTTT,TTTG,45,GTAATAGCTTCAATCTCGGC
S_suis:922147-922167,====================,S_agalactiae_Ib_Sag37,644781,644801,-,TGCAGATGCTGATGTGACAGTAAA,TGCA,TTTA,50,CTGTCACATCAGCATCTGCA
S_suis:924561-924581,====================,S_pneumoniae_70585,996422,996442,-,ATGGCTCATTCCTTATCTCCGAAA,ATGG,TTTC,45,GGAGATAAGGAATGAGCCAT
S_suis:925668-925688,====================,S_agalactiae_ATCC_13813,1968869,1968889,-,CAGGCCGAGTGAGTGAACATCAAC,CAGG,TTTG,55,ATGTTCACTCACTCGGCCTG
S_suis:926785-926805,====================,S_agalactiae_Ib_Sag37,640145,640165,-,AGTTCTGCCAAGCGTGAGGTTAAA,AGTT,TTTA,55,ACCTCACGCTTGGCAGAACT
S_suis:927011-927031,====================,S_agalactiae_Ib_Sag37,639919,639939,-,TTCTCCTAGACTGTTGAAGGTAAA,TTCT,TTTA,45,CCTTCAACAGTCTAGGAGAA
S_suis:928738-928758,====================,S_agalactiae_ATCC_13813,1963488,1963508,-,AGAAGACCTTGATGGAATCGCAAA,AGAA,TTTG,45,CGATTCCATCAAGGTCTTCT
S_suis:929529-929549,====================,S_agalactiae_Ib_Sag37,637401,637421,-,GGAGATCAGACCTTCTACCGTAAA,GGAG,TTTA,55,CGGTAGAAGGTCTGATCTCC
S_suis:931392-931412,====================,S_agalactiae_ATCC_13813,1960834,1960854,-,TCAAGTTCTACCTCTCACCAGAAA,TCAA,TTTC,45,TGGTGAGAGGTAGAACTTGA
S_suis:931624-931644,====================,S_pneumoniae_70585,989385,989405,-,AACCTCAACAGTTCGCTCTAGGAA,AACC,TTTC,45,TAGAGCGAACTGTTGAGGTT
S_suis:932972-932992,====================,S_agalactiae_Ib_Sag37,633958,633978,-,GTGACAGAACCTTCGGCAGTCAAA,GTGA,TTTG,55,ACTGCCGAAGGTTCTGTCAC
S_suis:933394-933414,====================,S_agalactiae_Ib_Sag37,633536,633556,-,GTCAAGCGATGCAATACGTGGAAA,GTCA,TTTC,50,CACGTATTGCATCGCTTGAC
S_suis:933589-933609,====================,S_agalactiae_ATCC_13813,1958637,1958657,-,ACCTTGGCTGCTGTTCGATTGAAA,ACCT,TTTC,50,AATCGAACAGCAGCCAAGGT
S_suis:936669-936689,====================,S_agalactiae_Ib_Sag37,630261,630281,-,GCAACTGAGACGACAAGAAGTAAA,GCAA,TTTA,50,CTTCTTGTCGTCTCAGTTGC
S_suis:937003-937023,====================,S_agalactiae_1,1421630,1421650,+,TCTCACTTCCTTCAGTCTCACTAG,TCTC,TTTC,45,ACTTCCTTCAGTCTCACTAG
S_suis:937165-937185,====================,S_agalactiae_ATCC_13813,1955061,1955081,-,AAGTCCAACAGTCCTCTAGTGAAA,AAGT,TTTC,45,ACTAGAGGACTGTTGGACTT
S_suis:937614-937634,====================,S_agalactiae_Ib_Sag37,629316,629336,-,AGAAGGAACAATCATCACGCCAAA,AGAA,TTTG,45,GCGTGATGATTGTTCCTTCT
S_suis:937890-937910,====================,S_pneumoniae_Taiwan19F_14,869384,869404,-,TTGCAACTGCAGAAGCTGAAGAAA,TTGC,TTTC,45,TTCAGCTTCTGCAGTTGCAA
S_suis:938014-938034,====================,S_pyogenes_HSC5,796199,796219,-,GAATTGACATCTGCTGGCGACAAA,GAAT,TTTG,50,TCGCCAGCAGATGTCAATTC
S_suis:938304-938324,====================,S_pyogenes_KUN_0014944,816815,816835,-,CGCAACGTTGCATACGCTGTCAAA,CGCA,TTTG,55,ACAGCGTATGCAACGTTGCG
S_suis:990103-990123,====================,S_aureus_CHU15_056,2227832,2227852,+,TTTTGTTGGCAATGCGTGTACAAC,TTTT,TTTC,50,GTTGGCAATGCGTGTACAAC
S_suis:1086686-1086706,====================,S_pneumoniae_70585,2051612,2051632,+,TTTTGCAGTATAGAGATAGGCATC,TTTT,TTTA,45,GCAGTATAGAGATAGGCATC
S_suis:1096567-1096587,====================,S_agalactiae_III_HU_GS5823,885717,885737,-,ATCTATGTGGCTATCGGTCAAAAA,ATCT,TTTC,45,TGACCGATAGCCACATAGAT
S_suis:1141252-1141272,====================,S_pneumoniae_TIGR4,298157,298177,-,AAGCACACGATGACTGGATCTAAC,AAGC,TTTA,50,GATCCAGTCATCGTGTGCTT
S_suis:1235439-1235459,====================,S_pneumoniae_D39,610018,610038,-,GATAGCCAGCAAGTCTATCGAGGA,GATA,TTTG,50,CGATAGACTTGCTGGCTATC
S_suis:1260269-1260289,====================,S_aureus_CHU15_056,915554,915574,+,CTTCATGATTCAAGGTGGCGATCC,CTTC,TTTC,50,ATGATTCAAGGTGGCGATCC
S_suis:1415038-1415058,====================,S_pneumoniae_70585,1101075,1101095,-,TCACGTACAGACCGTATCGCTAAA,TCAC,TTTA,55,GCGATACGGTCTGTACGTGA
S_suis:1415130-1415150,====================,S_pyogenes_KUN_0014944,575939,575959,-,TTGTATCACACCGTTCAGGTGAAA,TTGT,TTTC,45,ACCTGAACGGTGTGATACAA
S_suis:1415257-1415277,====================,S_pneumoniae_TIGR4,1062747,1062767,-,GACTACCTTGCACGTGGTATCCAA,GACT,TTTG,50,ATACCACGTGCAAGGTAGTC
S_suis:1415285-1415305,====================,S_pneumoniae_R6,1019268,1019288,-,TGGTGACGACTTCTTCGTAACAAA,TGGT,TTTG,45,TTACGAAGAAGTCGTCACCA
S_suis:1415433-1415453,====================,S_pneumoniae_Taiwan19F_14,1108777,1108797,-,CTGTTCGTACATCTGCAGAACAAA,CTGT,TTTG,45,TTCTGCAGATGTACGAACAG
S_suis:1415839-1415859,====================,S_pneumoniae_JJA,1015260,1015280,-,TACCTTGGTGGATTCAACACTAAA,TACC,TTTA,45,GTGTTGAATCCACCAAGGTA
S_suis:1415950-1415970,====================,S_pyogenes_NGAS638,548454,548474,-,GCTCTTGACGGTACTCCTAACAAA,GCTC,TTTG,50,TTAGGAGTACCGTCAAGAGC
S_suis:1630619-1630639,====================,S_pneumoniae_Taiwan19F_14,1311258,1311281,+,TTCATCCGCGCCATCAACCGTCACATC,TTCA,TTTA,55,TCCGCGCCATCAATCACATC
S_suis:1655177-1655197,====================,S_pneumoniae_Taiwan19F_14,295676,295696,-,TGACTGATGAATACCAGCAGCAAA,TGAC,TTTG,45,CTGCTGGTATTCATCAGTCA
S_suis:1733697-1733717,====================,S_pneumoniae_D39,403929,403949,-,ATATGGTAGCTTGGTCAAGGTAAA,ATAT,TTTA,45,CCTTGACCAAGCTACCATAT
S_suis:1791123-1791143,====================,S_pyogenes_HSC5,1261396,1261416,-,ACTGGTACAGCAATGGCAATGAGA,ACTG,TTTC,45,ATTGCCATTGCTGTACCAGT
S_suis:1811170-1811190,====================,S_agalactiae_III_HU_GS5823,221214,221234,-,AACCACCTTAACGACCACATCAAA,AACC,TTTG,45,ATGTGGTCGTTAAGGTGGTT
S_suis:1860046-1860066,====================,S_pneumoniae_D39,2019555,2019575,+,TTGGTGTCAACCATCGCTACAACT,TTGG,TTTG,45,TGTCAACCATCGCTACAACT
S_suis:1862006-1862026,====================,S_agalactiae_III_HU_GS5823,1953548,1953568,+,TCTGTTATGGCGGTATAGCCAAGT,TCTG,TTTG,45,TTATGGCGGTATAGCCAAGT
S_suis:2037317-2037337,====================,S_pyogenes_ATCC_12344,1873664,1873684,+,TTAACGAATTGACGTGCTTGACGA,TTAA,TTTA,50,CGAATTGACGTGCTTGACGA
S_suis:2037634-2037654,====================,S_pneumoniae_JJA,97344,97364,-,CGTTATACAGGACCATCTTGGAAA,CGTT,TTTC,45,CAAGATGGTCCTGTATAACG
S_suis:2047932-2047952,====================,S_pneumoniae_TIGR4,108979,108999,-,GTGACCACGATAGGTCTTGGCAAA,GTGA,TTTG,55,CCAAGACCTATCGTGGTCAC
S_suis:2089211-2089231,====================,S_aureus_BPH2900,1941579,1941599,-,TTCTTCGCGTTGCTTCGAATTAAA,TTCT,TTTA,45,ATTCGAAGCAACGCGAAGAA
S_suis:2092224-2092244,====================,S_aureus_genome_1,2240273,2240293,-,ACCTGCATCTTCACAGGTACTATG,ACCT,TTTA,50,GTACCTGTGAAGATGCAGGT